NAME,AMI,GEN,TOB,KAN,MET,PEN,VAN,TEC,CLI,ERY,MUP,LNZ,TCY,TMP,DAP,RIF,CIP,MFX
USFL258,1,0,1,1,1,1,0,0,0,1,0,0,0,0,0,0,1,0
USFL056,1,0,1,1,1,1,0,0,0,1,1,0,0,0,0,0,1,0
USFL045,1,0,1,1,1,1,0,0,0,1,0,0,0,0,0,0,0,0
USFL230,1,0,1,1,1,1,0,0,0,1,0,0,0,0,0,0,1,0
USFL319,1,0,1,1,1,1,0,0,0,1,0,0,0,0,0,0,1,0
USFL003,0,0,0,0,1,1,0,0,0,1,0,0,0,0,0,0,0,0
USFL213,1,0,1,1,1,1,0,0,0,1,0,0,0,0,0,0,1,0
USFL149,1,0,1,1,1,1,0,0,0,1,0,0,0,0,0,0,1,0
FL379,1,0,1,1,1,1,0,0,0,1,0,0,0,0,0,0,1,0
USFL169,1,0,1,1,1,1,0,0,0,1,1,0,0,0,0,0,1,0
FL394,1,0,1,1,1,1,0,0,0,1,0,0,0,0,0,0,0,0
USFL033,1,0,1,1,1,1,0,0,0,1,0,0,0,0,0,0,0,0
USFL171,1,0,1,1,1,1,0,0,0,1,0,0,0,0,0,0,0,0
USFL164,1,0,1,1,1,1,0,0,0,1,0,0,0,0,0,0,1,0
USFL013,0,0,0,0,1,1,0,0,0,0,0,0,0,1,0,0,1,0
USFL159,1,0,1,1,1,1,0,0,0,1,0,0,0,0,0,0,1,0
USFL044,1,0,1,1,1,1,0,0,0,1,0,0,0,0,0,0,1,0
FL395,1,0,1,1,1,1,0,0,0,1,0,0,0,0,0,0,0,0
USFL018,1,0,1,1,1,1,0,0,1,1,0,0,0,0,0,0,1,0
USFL153,1,0,1,1,1,1,0,0,0,1,0,0,0,0,0,0,1,0
USFL012,1,0,1,1,1,1,0,0,0,1,1,0,0,0,0,0,1,0
USFL135,0,0,0,0,1,1,0,0,0,0,0,0,0,0,0,0,1,0
USFL324,1,0,1,1,1,1,0,0,0,1,0,0,0,0,0,0,1,0
USFL021,1,0,1,1,1,1,0,0,0,1,1,0,0,0,0,0,1,0
USFL004,0,0,0,0,1,1,0,0,0,1,0,0,0,0,0,0,1,0
USFL155,0,0,0,0,0,1,0,0,1,1,0,0,0,0,0,0,0,0
USFL179,1,0,1,1,1,1,0,0,0,1,0,0,0,0,0,0,0,0
FL357,1,0,1,1,1,1,0,0,0,1,0,0,0,0,0,0,0,0
USFL224,1,0,1,1,1,1,0,0,0,1,0,0,0,1,0,0,1,0
USFL170,1,0,1,1,1,1,0,0,0,1,1,0,0,0,0,0,1,0
USFL214,1,0,1,1,1,1,0,0,0,1,0,0,0,0,0,0,1,0
USFL315,1,0,1,1,1,1,0,0,0,1,0,0,0,0,0,0,0,0
USFL195,1,0,1,1,1,1,0,0,0,1,0,0,0,0,0,0,1,0
USFL217,1,0,1,1,1,1,0,0,0,1,0,0,0,0,0,0,0,0
USFL298,1,0,1,1,1,1,0,0,0,1,0,0,0,0,0,0,1,0
USFL341,1,0,1,1,1,1,0,0,0,1,0,0,0,0,0,0,1,0
FL383,1,0,1,1,1,1,0,0,0,1,0,0,0,0,0,0,1,0
FL371,0,0,0,0,1,1,0,0,0,0,0,0,0,0,0,0,1,0
USFL196,1,0,1,1,1,1,0,0,0,1,0,0,0,0,0,0,1,0
FL359,1,0,1,1,1,1,0,0,0,1,0,0,0,0,0,0,0,0
USFL338,0,0,0,0,1,1,0,0,0,1,0,0,0,0,0,0,1,0
USFL010,0,0,0,0,1,1,0,0,0,0,0,0,0,0,0,0,0,0
USFL154,1,0,1,1,1,1,0,0,0,1,0,0,0,0,0,0,1,0
USFL223,1,0,1,1,1,1,0,0,0,1,0,0,0,1,0,0,1,0
USFL344,1,0,1,1,1,1,0,0,0,1,0,0,0,0,0,0,0,0
USFL342,1,0,1,1,1,1,0,0,0,1,0,0,0,0,0,0,0,0
USFL096,1,0,1,1,1,1,0,0,0,1,0,0,0,0,0,0,0,0
USFL157,1,0,1,1,1,1,0,0,0,1,0,0,0,0,0,0,1,0
USFL162,1,0,1,1,1,1,0,0,1,1,0,0,1,0,0,0,1,0
USFL079,0,0,0,0,1,1,0,0,0,0,0,0,0,0,0,0,1,0
USFL163,1,0,1,1,1,1,0,0,0,1,0,0,0,0,0,0,1,0
USFL307,1,0,1,1,1,1,0,0,0,1,0,0,0,0,0,0,0,0
USFL187,0,0,0,0,0,0,0,0,0,0,0,0,0,0,0,0,0,0
USFL025,1,0,1,1,1,1,0,0,0,1,0,0,0,0,0,0,0,0
USFL030,1,0,1,1,1,1,0,0,0,1,0,0,0,0,0,0,0,0
USFL040,0,0,0,0,1,1,0,0,0,0,0,0,0,0,0,0,0,0
USFL037,1,0,1,1,1,1,0,0,0,1,0,0,0,0,0,0,1,0
FL373,1,0,1,1,1,1,0,0,0,1,0,0,0,0,0,0,0,0
USFL041,1,0,1,1,1,1,0,0,0,1,0,0,0,0,0,0,0,0
FL361,1,0,1,1,1,1,0,0,0,1,0,0,0,0,0,0,1,0
USFL062,0,0,0,0,1,1,0,0,0,0,0,0,0,0,0,0,0,0
USFL001,0,0,0,0,1,1,0,0,1,1,0,0,0,0,0,0,0,0
USFL257,0,0,0,0,1,1,0,0,1,1,1,0,1,0,0,0,1,0
USFL165,1,0,1,1,1,1,0,0,0,1,0,0,0,0,0,0,1,0
USFL067,0,0,0,0,1,1,0,0,0,0,0,0,0,0,0,0,0,0
USFL064,0,0,0,0,1,1,0,0,0,0,0,0,0,0,0,0,0,0
USFL111,1,0,1,1,1,1,0,0,0,1,0,0,0,0,0,0,1,0
USFL183,1,0,1,1,1,1,0,0,0,1,0,0,1,0,0,0,1,0
USFL133,1,0,1,1,1,1,0,0,0,1,0,0,0,0,0,0,1,0
USFL057,1,0,1,1,1,1,0,0,0,1,0,0,0,0,0,0,1,0
USFL211,1,0,1,1,1,1,0,0,0,1,0,0,0,0,0,0,1,0
USFL019,1,0,1,1,1,1,0,0,0,1,0,0,0,0,0,0,1,0
USFL180,1,0,1,1,1,1,0,0,0,1,0,0,0,0,0,0,1,0
USFL246,0,0,0,0,0,1,0,0,0,0,0,0,0,0,0,0,0,0
USFL316,1,0,1,1,1,1,0,0,0,1,0,0,0,0,0,0,1,0
USFL348,1,0,1,1,1,1,0,0,0,1,0,0,0,0,0,0,0,0
USFL282,1,0,1,1,1,1,0,0,1,1,0,0,0,0,0,0,1,0
USFL229,1,0,1,1,1,1,0,0,0,1,0,0,0,0,0,0,0,0
FL389,1,0,1,1,1,1,0,0,0,1,0,0,0,0,0,0,1,0
USFL167,1,0,1,1,1,1,0,0,0,1,0,0,0,0,0,0,1,0
USFL005,1,0,1,1,1,1,0,0,0,1,0,0,0,0,0,0,1,0
USFL081,1,0,1,1,1,1,0,0,0,1,0,0,0,0,0,0,0,0
USFL199,1,0,1,1,1,1,0,0,0,1,0,0,0,0,0,0,1,0
USFL191,1,0,1,1,1,1,0,0,0,1,0,0,0,0,0,0,0,0
USFL073,0,0,0,0,1,1,0,0,0,0,0,0,0,1,0,0,1,0
FL365,0,0,0,0,1,1,0,0,1,1,0,0,0,0,0,0,1,0
USFL193,1,0,1,1,1,1,0,0,0,1,0,0,0,0,0,0,0,0
USFL050,0,0,0,0,0,1,0,0,0,0,0,0,1,0,0,0,0,0
USFL284,1,0,1,1,1,1,0,0,0,1,0,0,0,0,0,0,0,0
USFL141,1,0,1,1,1,1,0,0,0,1,0,0,0,0,0,0,1,0
USFL097,1,0,1,1,1,1,0,0,0,1,0,0,0,0,0,0,1,0
USFL121,1,0,1,1,1,1,0,0,0,1,0,0,0,0,0,0,0,0
USFL278,1,0,1,1,1,1,0,0,0,1,0,0,0,0,0,0,1,0
USFL116,1,0,1,1,1,1,0,0,0,1,0,0,0,0,0,0,0,0
USFL112,0,0,0,0,1,1,0,0,0,0,0,0,0,0,0,0,0,0
USFL048,0,0,0,0,0,0,0,0,0,0,0,0,0,0,0,0,0,0
USFL119,1,0,1,1,1,1,0,0,0,1,0,0,0,0,0,0,1,0
USFL205,1,0,1,1,1,1,0,0,0,1,0,0,0,0,0,0,1,0
USFL271,1,0,1,1,1,1,0,0,0,1,0,0,0,0,0,0,1,0
USFL272,1,0,1,1,1,1,0,0,1,1,1,0,1,0,0,0,1,0
USFL175,1,0,1,1,1,1,0,0,0,1,0,0,0,0,0,0,0,0
USFL286,1,0,1,1,1,1,0,0,0,1,0,0,0,0,0,0,0,0
USFL051,0,0,0,0,1,1,0,0,1,1,0,0,0,1,0,0,1,0
USFL125,0,0,0,0,1,1,0,0,0,0,0,0,0,0,0,0,1,0
USFL343,1,0,1,1,1,1,0,0,0,1,0,0,0,0,0,0,0,0
USFL099,1,0,1,1,1,1,0,0,0,1,0,0,1,0,0,0,1,0
USFL176,1,0,1,1,1,1,0,0,0,1,0,0,0,0,0,0,0,0
USFL098,1,0,1,1,1,1,0,0,0,1,0,0,0,0,0,0,0,0
USFL102,1,0,1,1,1,1,0,0,0,1,0,0,0,0,0,0,0,0
USFL236,1,0,1,1,1,1,0,0,0,1,1,0,0,0,0,0,1,0
USFL287,0,0,0,0,0,0,0,0,0,0,0,0,0,0,0,0,0,0
USFL299,1,0,1,1,1,1,0,0,0,1,0,0,0,0,0,0,1,0
USFL244,1,0,1,1,1,1,0,0,0,1,0,0,0,0,0,0,1,0
USFL290,1,0,1,1,1,1,0,0,0,1,0,0,0,0,0,0,1,0
USFL352,0,0,0,0,1,1,0,0,0,0,1,0,0,0,0,0,1,0
USFL059,1,0,1,1,1,1,0,0,0,1,0,0,0,0,0,0,1,0
USFL238,0,0,0,0,1,1,0,0,1,1,0,0,0,0,0,0,1,0
USFL088,0,0,0,0,1,1,0,0,1,1,0,0,0,0,0,0,1,0
USFL207,0,0,0,0,0,0,0,0,0,0,0,0,0,0,0,0,0,0
USFL168,1,0,1,1,1,1,0,0,0,1,0,0,0,0,0,0,1,0
USFL268,1,0,1,1,1,1,0,0,0,1,0,0,0,0,0,0,1,0
USFL113,1,0,1,1,1,1,0,0,0,1,0,0,0,0,0,0,1,0
USFL300,1,0,1,1,1,1,0,0,0,0,1,0,0,0,0,0,0,0
USFL275,1,0,1,1,1,1,0,0,0,1,0,0,0,0,0,0,1,0
USFL109,1,0,1,1,1,1,0,0,0,1,0,0,0,0,0,0,1,0
USFL247,0,0,0,0,0,1,0,0,0,0,0,0,0,0,0,0,0,0
FL391,1,0,1,1,1,1,0,0,0,1,0,0,0,0,0,0,1,0
USFL285,1,0,1,1,1,1,0,0,0,1,0,0,0,0,0,0,0,0
USFL027,0,0,0,0,1,1,0,0,0,0,0,0,0,0,0,0,0,0
USFL047,0,0,0,0,0,0,0,0,0,0,0,0,0,0,0,0,0,0
USFL084,1,0,1,1,1,1,0,0,0,1,0,0,0,0,0,0,1,0
USFL347,1,0,1,1,1,1,0,0,0,1,0,0,0,0,0,0,0,0
USFL132,1,0,1,1,1,1,0,0,0,1,0,0,0,0,0,0,1,0
USFL039,1,0,1,1,1,1,0,0,0,1,0,0,0,0,0,0,1,0
USFL233,1,0,1,1,1,1,0,0,0,1,0,0,0,0,0,0,0,0
USFL140,1,0,1,1,1,1,0,0,0,1,0,0,0,0,0,0,0,0
USFL330,0,0,0,0,1,1,0,0,0,1,0,0,0,0,0,0,1,0
USFL256,0,0,0,0,1,1,0,0,0,0,1,0,0,0,0,0,1,0
USFL260,0,0,0,0,0,0,0,0,0,0,0,0,0,0,0,0,0,0
USFL080,1,0,1,1,1,1,0,0,0,1,0,0,0,0,0,0,0,0
USFL245,0,0,0,0,1,1,0,0,0,0,0,0,0,0,0,0,0,0
USFL129,0,0,0,0,0,1,0,0,0,0,0,0,0,0,0,0,0,0
USFL138,1,0,1,1,1,1,0,0,0,1,0,0,0,0,0,0,1,0
USFL069,1,0,1,1,0,1,0,0,0,1,0,0,0,0,0,0,1,0
USFL091,0,0,0,0,0,1,0,0,0,0,0,0,0,0,0,0,0,0
USFL032,1,0,1,1,1,1,0,0,0,1,0,0,0,0,0,0,0,0
USFL281,1,0,1,1,1,1,0,0,0,1,0,0,0,0,0,0,0,0
USFL289,1,0,1,1,1,1,0,0,0,1,0,0,0,0,0,0,1,0
USFL060,0,0,0,0,1,1,0,0,1,1,0,0,1,0,0,0,0,0
USFL317,1,0,1,1,1,1,0,0,0,1,0,0,0,0,0,0,0,0
USFL185,1,0,1,1,1,1,0,0,0,1,0,0,0,0,0,0,0,0
USFL331,1,0,1,1,1,1,0,0,0,0,1,0,0,0,0,0,0,0
USFL231,1,0,1,1,1,1,0,0,0,1,0,0,0,0,0,0,1,0
USFL058,0,0,0,0,1,1,0,0,0,0,0,0,0,0,0,0,0,0
USFL206,1,0,1,1,1,1,0,0,0,1,0,0,0,0,0,0,1,0
USFL312,1,0,1,1,1,1,0,0,0,1,0,0,0,0,0,0,0,0
USFL038,1,0,1,1,1,1,0,0,0,1,0,0,0,0,0,0,0,0
FL370,1,0,1,1,1,1,0,0,0,1,0,0,0,0,0,0,1,0
USFL043,0,0,0,0,1,1,0,0,0,0,0,0,0,0,0,0,1,0
USFL092,1,0,1,1,1,1,0,0,0,1,0,0,0,0,0,0,1,0
USFL106,1,0,1,1,1,1,0,0,0,1,0,0,0,0,0,0,0,0
USFL263,0,0,0,0,1,1,0,0,0,1,0,0,0,0,0,0,1,0
USFL034,1,0,1,1,1,1,0,0,0,1,0,0,0,0,0,0,1,0
USFL117,1,0,1,1,1,1,0,0,0,1,0,0,0,0,0,0,0,0
USFL318,1,0,1,1,1,1,0,0,0,1,0,0,0,0,0,0,0,0
USFL011,0,0,0,0,1,1,0,0,0,1,0,0,0,0,0,0,0,0
USFL055,1,0,1,1,1,1,0,0,0,1,1,0,0,0,0,0,1,0
USFL124,1,0,1,1,1,1,0,0,0,1,0,0,0,0,0,0,1,0
USFL212,1,0,1,1,1,1,0,0,0,1,1,0,0,0,0,0,1,0
USFL173,1,0,1,1,1,1,0,0,0,1,0,0,0,0,0,0,1,0
USFL308,0,0,0,0,0,1,0,0,0,0,0,0,0,0,0,0,0,0
USFL014,1,0,1,1,1,1,0,0,0,1,0,0,0,0,0,0,0,0
USFL054,1,0,1,1,1,1,0,0,0,1,0,0,0,0,0,0,0,0
USFL101,0,0,0,0,1,1,0,0,0,0,0,0,0,0,0,0,1,0
USFL345,0,0,0,0,0,1,0,0,0,0,0,0,0,0,0,0,0,0
USFL082,1,0,1,1,1,1,0,0,0,1,0,0,0,0,0,0,1,0
USFL130,0,0,0,0,1,1,0,0,0,0,0,0,0,0,0,0,1,0
USFL143,0,0,0,0,0,1,0,0,0,0,0,0,0,0,0,0,0,0
USFL293,1,0,1,1,1,1,0,0,0,1,0,0,0,0,0,0,0,0
USFL264,0,0,0,0,0,1,0,0,0,0,0,0,0,0,0,0,0,0
USFL225,1,0,1,1,1,1,0,0,0,1,1,0,0,0,0,0,1,0
USFL200,1,0,1,1,1,1,0,0,0,1,0,0,0,0,0,0,1,0
USFL280,1,0,1,1,1,1,0,0,0,1,0,0,0,0,0,0,0,0
USFL210,1,0,1,1,1,1,0,0,0,1,1,0,0,0,0,0,1,0
FL385,0,0,0,0,0,1,0,0,0,0,0,0,0,0,0,0,0,0
USFL036,1,0,1,1,1,1,0,0,0,1,0,0,0,0,0,0,1,0
USFL329,1,0,1,1,1,1,0,0,0,1,0,0,0,0,0,0,0,0
USFL326,1,0,1,1,1,1,0,0,0,1,0,0,0,0,0,0,1,0
FL381,1,0,1,1,1,1,0,0,0,1,1,0,0,0,0,0,1,0
USFL208,1,0,1,1,1,1,0,0,0,1,0,0,0,0,0,0,1,0
USFL023,1,0,1,1,1,1,0,0,0,1,0,0,0,0,0,0,0,0
FL362,1,0,1,1,1,1,0,0,0,1,0,0,0,0,0,0,1,0
USFL105,0,0,0,0,1,1,0,0,1,1,0,0,0,0,0,0,1,0
USFL222,0,0,0,0,1,1,0,0,0,0,0,0,0,0,0,0,1,0
FL363,1,0,1,1,1,1,0,0,0,1,0,0,0,0,0,0,1,0
USFL349,1,0,1,1,1,1,0,0,0,1,0,0,0,0,0,0,0,0
USFL128,0,0,0,0,0,1,0,0,0,0,0,0,0,0,0,0,0,0
USFL144,1,0,1,1,1,1,0,0,0,1,0,0,0,0,0,0,0,0
USFL311,1,0,1,1,1,1,0,0,0,1,0,0,0,0,0,0,0,0
USFL172,1,0,1,1,1,1,0,0,0,1,0,0,0,0,0,0,0,0
USFL262,1,0,1,1,1,1,0,0,0,1,0,0,0,0,0,0,1,0
USFL110,1,0,1,1,1,1,0,0,0,1,0,0,0,0,0,0,1,0
USFL227,0,0,0,0,1,1,0,0,1,1,0,0,0,0,0,0,1,0
USFL118,0,0,0,0,0,1,0,0,0,0,0,0,0,0,0,0,0,0
USFL020,0,0,0,0,1,1,0,0,0,0,0,0,0,0,0,0,1,0
USFL288,1,0,1,1,1,1,0,0,0,1,0,0,0,0,0,0,1,0
USFL320,1,0,1,1,1,1,0,0,0,1,0,0,0,0,0,0,1,0
FL356,1,0,1,1,1,1,0,0,0,1,0,0,0,0,0,0,0,0
FL382,0,0,0,0,1,1,0,0,0,0,1,0,0,0,0,0,1,0
USFL095,1,0,1,1,1,1,0,0,0,1,0,0,0,0,0,0,1,0
USFL239,1,0,1,1,1,1,0,0,0,1,0,0,0,0,0,0,1,0
USFL292,0,0,0,0,0,0,0,0,0,0,0,0,0,0,0,0,0,0
USFL340,1,0,1,1,1,1,0,0,0,1,0,0,0,0,0,0,0,0
USFL219,1,0,1,1,1,1,0,0,0,1,0,0,0,0,0,0,1,0
USFL115,1,0,1,1,1,1,0,0,0,1,0,0,0,0,0,0,1,0
USFL248,0,0,0,0,1,1,0,0,1,1,1,0,1,0,0,0,1,0
USFL174,1,0,1,1,1,1,0,0,0,1,1,0,0,0,0,0,1,0
USFL202,1,0,1,1,1,1,0,0,0,1,0,0,0,0,0,0,1,0
USFL103,1,0,1,1,1,1,0,0,0,1,0,0,0,0,0,0,1,0
FL380,1,0,1,1,1,1,0,0,0,1,1,0,0,0,0,0,1,0
USFL022,0,0,0,0,1,1,0,0,1,1,0,0,0,1,0,0,1,0
FL387,1,0,1,1,1,1,0,0,0,1,0,0,0,0,0,0,1,0
FL390,1,0,1,1,1,1,0,0,0,1,0,0,0,0,0,0,1,0
USFL076,1,0,1,1,1,1,0,0,0,1,0,0,0,0,0,0,1,0
USFL074,1,0,1,1,1,1,0,0,1,1,0,0,0,0,0,0,1,0
USFL334,1,0,1,1,1,1,0,0,0,1,0,0,0,0,0,0,0,0
USFL305,1,0,1,1,1,1,0,0,0,1,0,0,0,0,0,0,1,0
USFL220,1,0,1,1,1,1,0,0,0,1,1,0,0,0,0,0,1,0
USFL137,1,0,1,1,1,1,0,0,0,1,0,0,0,0,0,0,1,0
USFL267,1,0,1,1,1,1,0,0,0,1,0,0,0,0,0,0,1,0
USFL158,1,0,1,1,1,1,0,0,0,1,0,0,0,0,0,0,1,0
USFL029,1,0,1,1,1,1,0,0,0,1,0,0,0,0,0,0,0,0
USFL075,1,0,1,1,1,1,0,0,0,1,0,0,0,0,0,0,1,0
USFL301,1,0,1,1,1,1,0,0,0,0,1,0,0,0,0,0,0,0
FL369,1,0,1,1,1,1,0,0,0,1,0,0,0,0,0,0,1,0
USFL251,1,0,1,1,1,1,0,0,0,1,0,0,0,1,0,0,1,0
USFL086,1,0,1,1,1,1,0,0,1,1,0,0,0,0,0,0,1,0
USFL306,1,0,1,1,1,1,0,0,0,1,0,0,0,0,0,0,0,0
USFL351,0,0,0,0,1,1,0,0,1,1,0,0,0,0,0,0,1,0
USFL336,1,0,1,1,1,1,0,0,0,1,0,0,0,0,0,0,0,0
FL358,1,0,1,1,1,1,0,0,0,1,0,0,0,0,0,0,1,0
USFL273,1,0,1,1,1,1,0,0,0,1,0,0,0,0,0,0,1,0
FL377,1,0,1,1,1,1,0,0,0,1,0,0,0,0,0,0,0,0
USFL266,1,0,1,1,1,1,0,0,0,1,0,0,1,0,0,0,1,0
USFL209,1,0,1,1,1,1,0,0,0,1,0,0,0,0,0,0,1,0
USFL337,1,0,1,1,1,1,0,0,0,1,0,0,0,0,0,0,1,0
USFL015,0,0,0,0,1,1,0,0,0,1,0,0,0,0,0,0,1,0
USFL350,0,0,0,0,1,1,0,0,1,1,0,0,0,0,0,0,1,0
USFL114,0,0,0,0,1,1,0,0,0,0,0,0,0,0,0,0,1,0
USFL063,1,0,1,1,1,1,0,0,0,1,1,0,0,0,0,0,1,0
USFL127,1,0,1,1,1,1,0,0,0,1,0,0,0,0,0,0,0,0
USFL188,1,0,1,1,1,1,0,0,0,1,0,0,0,0,0,0,0,0
USFL295,1,0,1,1,1,1,0,0,0,1,0,0,0,0,0,0,1,0
USFL242,1,0,1,1,1,1,0,0,0,1,0,0,0,0,0,0,1,0
USFL120,1,0,1,1,1,1,0,0,0,1,0,0,0,0,0,0,0,0
FL372,1,0,1,1,1,1,0,0,0,1,0,0,0,0,0,0,1,0
USFL065,1,0,1,1,1,1,0,0,0,1,0,0,0,0,0,0,0,0
USFL007,1,0,1,1,1,1,0,0,0,1,0,0,0,0,0,0,0,0
USFL261,0,0,0,0,0,1,0,0,0,0,0,0,0,0,0,0,0,0
USFL166,1,0,1,1,1,1,0,0,0,1,0,0,0,0,0,0,1,0
USFL279,1,0,1,1,1,1,0,0,1,1,1,0,1,0,0,0,1,0
USFL270,1,0,1,1,1,1,0,0,0,1,0,0,0,0,0,0,1,0
USFL131,0,0,0,0,1,1,0,0,0,0,0,0,0,0,0,0,1,0
USFL008,1,0,1,1,1,1,0,0,0,1,0,0,0,0,0,0,1,0
USFL237,1,0,1,1,1,1,0,0,0,1,0,0,0,0,0,0,1,0
USFL297,0,0,0,0,1,1,0,0,0,0,0,0,0,0,0,0,1,0
FL364,1,0,1,1,1,1,0,0,0,1,0,0,0,0,0,0,1,0
USFL265,1,0,1,1,1,1,0,0,0,1,0,0,0,0,0,0,1,0
USFL100,0,0,0,0,1,1,0,0,0,0,0,0,1,0,0,0,1,0
USFL309,1,0,1,1,0,1,0,0,0,1,0,0,0,0,0,0,0,0
USFL123,0,0,0,0,0,1,0,0,0,0,0,0,0,0,0,0,0,0
USFL203,1,0,1,1,1,1,0,0,0,1,0,0,0,0,0,0,1,0
USFL146,1,0,1,1,1,1,0,0,1,1,1,0,0,1,0,0,1,0
USFL184,1,0,1,1,1,1,0,0,0,1,0,0,1,0,0,0,1,0
USFL160,1,0,1,1,1,1,0,0,0,1,0,0,0,0,0,0,1,0
USFL049,0,0,0,0,0,1,0,0,0,0,0,0,0,0,0,0,0,0
USFL031,1,0,1,1,1,1,0,0,0,1,0,0,0,0,0,0,0,0
USFL215,1,0,1,1,1,1,0,0,0,1,0,0,0,0,0,0,1,0
USFL002,0,0,0,0,1,1,0,0,1,1,0,0,1,0,0,0,0,0
USFL243,1,0,1,1,1,1,0,0,0,1,0,0,0,1,0,0,1,0
USFL150,1,0,1,1,1,1,0,0,1,1,0,0,0,0,0,0,1,0
USFL218,1,0,1,1,1,1,0,0,0,1,1,0,0,0,0,0,1,0
USFL122,0,0,0,0,0,0,0,0,1,1,0,0,0,0,0,0,0,0
USFL078,0,0,0,0,1,1,0,0,0,0,0,0,0,0,0,0,1,0
USFL053,1,0,1,1,1,1,0,0,0,1,0,0,0,0,0,0,0,0
USFL052,0,0,0,0,1,1,0,0,1,1,0,0,0,1,0,0,1,0
USFL333,1,0,1,1,1,1,0,0,0,1,0,0,0,0,0,0,0,0
USFL139,1,0,1,1,1,1,0,0,0,1,0,0,0,0,0,0,1,0
USFL016,1,0,1,1,1,1,0,0,0,1,0,0,0,0,0,0,1,0
USFL085,1,0,1,1,1,1,0,0,1,1,0,0,0,0,0,0,1,0
FL367,0,0,0,0,1,1,0,0,1,1,0,0,0,0,0,0,1,0
USFL335,0,0,0,0,1,1,0,0,0,0,0,0,0,0,0,1,1,0
USFL240,1,0,1,1,1,1,0,0,0,1,0,0,0,0,0,0,1,0
USFL024,1,0,1,1,1,1,0,0,0,1,0,0,0,0,0,0,1,0
USFL232,0,0,0,0,1,1,0,0,0,0,0,0,0,0,0,0,0,0
USFL182,1,0,1,1,1,1,0,0,0,1,0,0,1,0,0,0,1,0
USFL221,1,0,1,1,0,1,0,0,0,1,0,0,0,0,0,0,1,0
USFL061,1,0,1,1,1,1,0,0,0,1,0,0,0,0,0,0,1,0
FL376,1,0,1,1,1,1,0,0,0,1,0,0,0,0,0,0,0,0
FL392,1,0,1,1,1,1,0,0,0,1,0,0,0,0,0,0,1,0
USFL177,1,0,1,1,1,1,0,0,0,1,0,0,0,0,0,0,0,0
USFL302,1,0,1,1,1,1,0,0,0,1,0,0,0,0,0,0,1,0
USFL087,1,0,1,1,1,1,0,0,1,1,0,0,0,0,0,0,1,0
USFL274,1,0,1,1,1,1,0,0,0,1,0,0,0,0,0,0,1,0
FL368,1,0,1,1,1,1,0,0,0,1,0,0,0,0,0,0,1,0
USFL226,1,0,1,1,1,1,0,0,0,1,1,0,0,0,0,0,1,0
USFL006,1,0,1,1,1,1,0,0,0,1,0,0,0,0,0,0,1,0
USFL276,1,0,1,1,1,1,0,0,0,1,0,0,0,0,0,0,1,0
USFL253,0,0,0,0,0,1,0,0,0,0,0,0,0,0,0,0,0,0
USFL104,1,0,1,1,1,1,0,0,1,1,0,0,0,0,0,0,1,0
FL366,0,0,0,0,1,1,0,0,1,1,0,0,0,0,0,0,1,0
USFL259,1,0,1,1,1,1,0,0,0,1,0,0,0,0,0,0,1,0
USFL277,1,0,1,1,1,1,0,0,0,1,0,0,0,0,0,0,1,0
USFL148,1,0,1,1,1,1,0,0,0,1,0,0,0,0,0,0,0,0
FL378,1,0,1,1,1,1,0,0,0,1,0,0,0,0,0,0,0,0
USFL303,1,0,1,1,1,1,0,0,0,1,0,0,0,0,0,0,1,0
USFL066,0,0,0,0,1,1,0,0,0,0,0,0,0,0,0,0,0,0
FL374,1,0,1,1,1,1,0,0,0,1,0,0,0,0,0,0,0,0
USFL026,1,0,1,1,1,1,0,0,0,1,0,0,0,0,0,0,0,0
USFL142,1,0,1,1,1,1,0,0,0,1,0,0,0,0,0,0,1,0
USFL178,1,0,1,1,1,1,0,0,0,1,0,0,0,0,0,0,0,0
USFL204,1,0,1,1,1,1,0,0,0,1,0,0,0,0,0,0,1,0
USFL294,1,0,1,1,1,1,0,0,0,1,0,0,0,0,0,0,0,0
USFL201,1,0,1,1,1,1,0,0,0,1,0,0,0,0,0,0,1,0
USFL147,1,0,1,1,1,1,0,0,0,1,0,0,0,0,0,0,0,0
USFL296,1,0,1,1,1,1,0,0,0,1,0,0,0,0,0,0,1,0
USFL322,1,0,1,1,1,1,0,0,0,1,0,0,0,0,0,0,0,0
USFL235,0,0,0,0,0,1,0,0,0,0,0,0,0,0,0,0,0,0
USFL339,0,0,0,0,1,1,0,0,0,1,0,0,0,0,0,0,1,0
USFL068,1,0,1,1,1,1,0,0,0,1,0,0,0,0,0,0,1,0
FL360,1,0,1,1,1,1,0,0,0,1,0,0,0,0,0,0,1,0
USFL269,1,0,1,1,1,1,0,0,0,1,0,0,0,0,0,0,1,0
USFL321,1,0,1,1,1,1,0,0,0,1,0,0,0,0,0,0,1,0
USFL134,1,0,1,1,1,1,0,0,0,1,0,0,0,0,0,0,1,0
USFL254,0,0,0,0,1,1,0,0,0,0,0,0,0,0,0,0,0,0
USFL107,1,0,1,1,1,1,0,0,0,1,0,0,0,0,0,0,0,0
USFL152,1,0,1,1,1,1,0,0,0,1,0,0,0,0,0,0,1,0
USFL161,1,0,1,1,1,1,0,0,0,1,0,0,0,0,0,0,1,0
FL375,1,0,1,1,1,1,0,0,0,1,0,0,0,0,0,0,0,0
FL386,1,0,1,1,1,1,0,0,0,1,0,0,0,0,0,0,1,0
USFL089,0,0,0,0,1,1,0,0,1,1,0,0,0,0,0,0,1,0
FL393,1,0,1,1,1,1,0,0,0,1,0,0,0,0,0,0,1,0
USFL035,1,0,1,1,1,1,0,0,0,1,0,0,0,0,0,0,1,0
USFL283,1,0,1,1,1,1,0,0,0,1,0,0,0,0,0,0,0,0
FL388,1,0,1,1,1,1,0,0,0,1,0,0,0,0,0,0,1,0
USFL346,0,0,0,0,0,0,0,0,0,0,0,0,0,0,0,0,0,0
USFL252,1,0,1,1,1,1,0,0,0,1,0,0,0,0,0,0,1,0
USFL250,1,0,1,1,1,1,0,0,0,1,0,0,0,1,0,0,1,0
USFL181,1,0,1,1,1,1,0,0,0,1,0,0,0,0,0,0,1,0
USFL332,1,0,1,1,1,1,0,0,0,1,0,0,0,0,0,0,0,0
USFL192,1,0,1,1,1,1,0,0,0,1,0,0,0,0,0,0,1,0
USFL228,0,0,0,0,1,1,0,0,1,1,0,0,0,0,0,0,1,0
USFL094,1,0,1,1,1,1,0,0,0,1,0,0,0,0,0,0,1,0
USFL323,1,0,1,1,1,1,0,0,0,1,0,0,0,0,0,0,1,0
USFL108,1,0,1,1,1,1,0,0,0,1,0,0,0,0,0,0,1,0
USFL028,1,0,1,1,1,1,0,0,0,1,0,0,0,0,0,0,1,0
USFL070,1,0,1,1,1,1,0,0,0,1,0,0,0,0,0,0,1,0
USFL216,1,0,1,1,1,1,0,0,0,1,0,0,0,0,0,0,0,0
USFL093,1,0,1,1,1,1,0,0,0,1,0,0,0,0,0,0,1,0
USFL249,0,0,0,0,1,1,0,0,1,1,1,0,1,0,0,0,1,0
USFL304,1,0,1,1,1,1,0,0,0,1,0,0,0,0,0,0,1,0
USFL077,1,0,1,1,1,1,0,0,0,1,0,0,0,0,0,0,1,0
USFL151,1,0,1,1,1,1,0,0,0,1,0,0,0,0,0,0,0,0
USFL194,1,0,1,1,1,1,0,0,0,1,0,0,1,0,0,0,1,0
USFL198,1,0,1,1,1,1,0,0,0,1,0,0,0,0,0,0,1,0
FL384,1,0,1,1,1,1,0,0,0,1,0,0,0,0,0,0,1,0
USFL156,1,0,1,1,0,1,0,0,0,1,0,0,0,0,0,0,1,0
USFL145,0,0,0,0,0,1,0,0,0,0,0,0,0,0,0,0,0,0
USFL328,0,0,0,0,1,1,0,0,0,0,0,0,0,0,0,0,0,0
USFL072,0,0,0,0,1,1,0,0,0,0,0,0,0,1,0,0,1,0
USFL136,1,0,1,1,1,1,0,0,0,1,0,0,0,0,0,0,1,0
USFL197,1,0,1,1,1,1,0,0,0,1,0,0,0,0,0,0,0,0
USFL327,1,0,1,1,1,1,0,0,0,1,0,0,0,0,0,0,1,0
USFL009,1,0,1,1,1,1,0,0,0,1,0,0,0,0,0,0,1,0
USFL325,1,0,1,1,1,1,0,0,0,1,0,0,0,0,0,0,0,0
USFL042,1,0,1,1,1,1,0,0,0,1,0,0,0,0,0,0,1,0
USFL017,0,0,0,0,1,1,0,0,1,1,0,0,1,0,0,0,0,0
USFL291,0,0,0,0,0,1,0,0,0,0,0,0,0,0,0,0,0,0
USFL255,1,0,1,1,1,1,0,0,0,1,0,0,0,0,0,0,1,0
USFL186,1,0,1,1,1,1,0,0,0,1,0,0,0,0,0,0,0,0
USFL241,1,0,1,1,1,1,0,0,0,1,0,0,0,0,0,0,0,0
USA300FPR3757,0,0,0,0,1,1,0,0,0,0,0,0,0,0,0,0,1,0
MRSA18,0,0,0,0,1,1,0,0,0,0,0,0,0,0,0,0,0,0
P21_21,1,0,1,1,1,1,0,0,1,1,0,0,0,0,0,0,1,0
P14_14,0,1,1,1,1,1,0,0,1,1,0,0,1,1,0,0,1,0