NAME,ileS-1_V588F,rpoB_H481N,grlA_S80F,grlA_S80Y,grlB_D432N,grlB_P451S,gyrA_S84A,gyrA_S84L
USFL258,0,0,0,1,0,0,0,1
USFL056,0,0,0,1,0,0,0,1
USFL045,0,0,0,0,0,0,0,0
USFL230,0,0,0,1,0,0,0,1
USFL319,0,0,0,1,0,0,0,1
USFL003,0,0,0,0,0,0,0,0
USFL213,0,0,0,1,0,0,0,1
USFL149,0,0,0,1,0,0,0,1
FL379,0,0,0,1,0,0,0,1
USFL169,1,0,0,1,0,0,0,1
FL394,0,0,0,0,0,0,0,0
USFL033,0,0,0,0,0,0,0,0
USFL171,0,0,0,0,0,0,0,0
USFL164,0,0,0,1,0,0,0,1
USFL013,0,0,1,0,0,0,0,1
USFL159,0,0,0,1,0,0,0,1
USFL044,0,0,0,1,0,0,0,1
FL395,0,0,0,0,0,0,0,0
USFL018,0,0,0,1,0,0,0,1
USFL153,0,0,0,1,0,0,0,1
USFL012,0,0,0,1,0,0,0,1
USFL135,0,0,1,0,0,0,0,0
USFL324,0,0,0,1,0,0,0,1
USFL021,0,0,0,1,0,0,0,1
USFL004,0,0,0,1,0,0,0,1
USFL155,0,0,0,0,0,0,0,0
USFL179,0,0,0,0,0,0,0,0
FL357,0,0,0,0,0,0,0,0
USFL224,0,0,0,1,0,0,0,1
USFL170,1,0,0,1,0,0,0,1
USFL214,0,0,0,1,0,0,0,1
USFL315,0,0,0,0,0,0,0,0
USFL195,0,0,1,0,0,0,1,0
USFL217,0,0,0,0,0,0,0,0
USFL298,0,0,0,1,0,0,0,1
USFL341,0,0,0,1,0,0,0,1
FL383,0,0,0,1,0,0,0,1
FL371,0,0,1,0,0,0,0,0
USFL196,0,0,1,0,0,0,1,0
FL359,0,0,0,0,0,0,0,0
USFL338,0,0,0,1,0,0,0,1
USFL010,0,0,0,0,0,0,0,0
USFL154,0,0,0,1,0,0,0,1
USFL223,0,0,0,1,0,0,0,1
USFL344,0,0,0,0,0,0,0,0
USFL342,0,0,0,0,0,0,0,0
USFL096,0,0,0,0,0,0,0,0
USFL157,0,0,0,1,0,0,0,1
USFL162,0,0,0,1,0,0,0,1
USFL079,0,0,1,0,0,0,0,0
USFL163,0,0,0,1,0,0,0,1
USFL307,0,0,0,0,0,0,0,0
USFL187,0,0,0,0,0,0,0,0
USFL025,0,0,0,0,0,0,0,0
USFL030,0,0,0,0,0,0,0,0
USFL040,0,0,0,0,0,0,0,0
USFL037,0,0,0,1,0,0,0,1
FL373,0,0,0,0,0,0,0,0
USFL041,0,0,0,0,0,0,0,0
FL361,0,0,0,1,0,0,0,1
USFL062,0,0,0,0,0,0,0,0
USFL001,0,0,0,0,0,0,0,0
USFL257,0,0,0,1,0,0,0,1
USFL165,0,0,0,1,0,0,0,1
USFL067,0,0,0,0,0,0,0,0
USFL064,0,0,0,0,0,0,0,0
USFL111,0,0,0,1,0,0,0,1
USFL183,0,0,0,1,0,0,0,1
USFL133,0,0,0,1,1,0,0,1
USFL057,0,0,0,1,0,0,0,1
USFL211,0,0,0,1,0,0,0,1
USFL019,0,0,0,1,0,0,0,1
USFL180,0,0,0,1,0,0,0,1
USFL246,0,0,0,0,0,0,0,0
USFL316,0,0,0,1,0,0,0,1
USFL348,0,0,0,0,0,0,0,0
USFL282,0,0,0,1,0,0,0,1
USFL229,0,0,0,0,0,0,0,0
FL389,0,0,0,1,0,0,0,1
USFL167,0,0,0,1,0,0,0,1
USFL005,0,0,0,1,0,0,0,1
USFL081,0,0,0,0,0,0,0,0
USFL199,0,0,0,1,0,0,0,1
USFL191,0,0,0,0,0,0,0,0
USFL073,0,0,1,0,0,0,0,1
FL365,0,0,0,1,0,0,0,1
USFL193,0,0,0,0,0,0,0,0
USFL050,0,0,0,0,0,0,0,0
USFL284,0,0,0,0,0,0,0,0
USFL141,0,0,0,1,0,0,0,1
USFL097,0,0,0,1,0,0,0,1
USFL121,0,0,0,0,0,0,0,0
USFL278,0,0,1,0,0,0,0,0
USFL116,0,0,0,0,0,0,0,0
USFL112,0,0,0,0,0,0,0,0
USFL048,0,0,0,0,0,0,0,0
USFL119,0,0,0,1,0,0,0,1
USFL205,0,0,1,0,0,0,0,1
USFL271,0,0,0,1,0,0,0,1
USFL272,0,0,0,1,0,0,0,1
USFL175,0,0,0,0,0,0,0,0
USFL286,0,0,0,0,0,0,0,0
USFL051,0,0,1,0,0,0,0,1
USFL125,0,0,1,0,0,0,0,0
USFL343,0,0,0,0,0,0,0,0
USFL099,0,0,0,1,0,0,0,1
USFL176,0,0,0,0,0,0,0,0
USFL098,0,0,0,0,0,0,0,0
USFL102,0,0,0,0,0,0,0,0
USFL236,0,0,0,1,0,0,0,1
USFL287,0,0,0,0,0,0,0,0
USFL299,0,0,0,1,0,0,0,1
USFL244,0,0,0,1,0,0,0,1
USFL290,0,0,0,1,0,0,0,1
USFL352,1,0,0,1,0,0,0,1
USFL059,0,0,0,1,0,0,0,1
USFL238,0,0,0,1,1,0,0,1
USFL088,0,0,0,1,0,0,0,1
USFL207,0,0,0,0,0,0,0,0
USFL168,0,0,0,1,0,0,0,1
USFL268,0,0,0,1,0,0,0,1
USFL113,0,0,0,1,0,0,0,1
USFL300,0,0,0,0,0,0,0,0
USFL275,0,0,0,1,0,0,0,1
USFL109,0,0,0,1,0,0,0,1
USFL247,0,0,0,0,0,0,0,0
FL391,0,0,0,1,0,0,0,1
USFL285,0,0,0,0,0,0,0,0
USFL027,0,0,0,0,0,0,0,0
USFL047,0,0,0,0,0,0,0,0
USFL084,0,0,0,1,0,0,0,1
USFL347,0,0,0,0,0,0,0,0
USFL132,0,0,0,1,1,0,0,1
USFL039,0,0,0,1,0,0,0,1
USFL233,0,0,0,0,0,0,0,0
USFL140,0,0,0,0,0,0,0,0
USFL330,0,0,0,1,0,0,0,1
USFL256,1,0,0,1,0,0,0,1
USFL260,0,0,0,0,0,0,0,0
USFL080,0,0,0,0,0,0,0,0
USFL245,0,0,0,0,0,0,0,0
USFL129,0,0,0,0,0,0,0,0
USFL138,0,0,0,1,0,0,0,1
USFL069,0,0,0,1,0,0,0,1
USFL091,0,0,0,0,0,0,0,0
USFL032,0,0,0,0,0,0,0,0
USFL281,0,0,0,0,0,0,0,0
USFL289,0,0,0,1,0,0,0,1
USFL060,0,0,0,0,0,0,0,0
USFL317,0,0,0,0,0,0,0,0
USFL185,0,0,0,0,0,0,0,0
USFL331,0,0,0,0,0,0,0,0
USFL231,0,0,0,1,0,0,0,1
USFL058,0,0,0,0,0,0,0,0
USFL206,0,0,1,0,0,0,0,1
USFL312,0,0,0,0,0,0,0,0
USFL038,0,0,0,0,0,0,0,0
FL370,0,0,0,1,0,0,0,1
USFL043,0,0,0,1,0,0,0,1
USFL092,0,0,0,1,0,0,0,1
USFL106,0,0,0,0,0,0,0,0
USFL263,0,0,0,1,0,0,0,1
USFL034,0,0,0,1,0,0,0,1
USFL117,0,0,0,0,0,0,0,0
USFL318,0,0,0,0,0,0,0,0
USFL011,0,0,0,0,0,0,0,0
USFL055,0,0,0,1,0,0,0,1
USFL124,0,0,0,1,0,0,0,1
USFL212,0,0,0,1,0,0,0,1
USFL173,0,0,0,1,0,0,0,1
USFL308,0,0,0,0,0,0,0,0
USFL014,0,0,0,0,0,0,0,0
USFL054,0,0,0,0,0,0,0,0
USFL101,0,0,1,0,0,0,0,0
USFL345,0,0,0,0,0,0,0,0
USFL082,0,0,0,1,0,0,0,1
USFL130,0,0,0,1,0,0,0,1
USFL143,0,0,0,0,0,0,0,0
USFL293,0,0,0,0,0,0,0,0
USFL264,0,0,0,0,0,0,0,0
USFL225,0,0,0,1,0,0,0,1
USFL200,0,0,0,1,0,0,0,1
USFL280,0,0,0,0,0,0,0,0
USFL210,0,0,0,1,0,0,0,1
FL385,0,0,0,0,0,0,0,0
USFL036,0,0,0,1,0,0,0,1
USFL329,0,0,0,0,0,0,0,0
USFL326,0,0,0,1,0,0,0,1
FL381,0,0,0,1,0,0,0,1
USFL208,0,0,0,1,0,0,0,1
USFL023,0,0,0,0,0,0,0,0
FL362,0,0,0,1,0,0,0,1
USFL105,0,0,0,1,0,0,0,1
USFL222,0,0,0,1,0,0,0,1
FL363,0,0,0,1,0,0,0,1
USFL349,0,0,0,0,0,0,0,0
USFL128,0,0,0,0,0,0,0,0
USFL144,0,0,0,0,0,0,0,0
USFL311,0,0,0,0,0,0,0,0
USFL172,0,0,0,0,0,0,0,0
USFL262,0,0,0,1,0,0,0,1
USFL110,0,0,0,1,0,0,0,1
USFL227,0,0,0,1,1,0,0,1
USFL118,0,0,0,0,0,0,0,0
USFL020,0,0,0,1,0,0,0,1
USFL288,0,0,0,1,0,0,0,1
USFL320,0,0,0,1,0,0,0,1
FL356,0,0,0,0,0,0,0,0
FL382,1,0,0,1,0,0,0,1
USFL095,0,0,0,1,0,0,0,1
USFL239,0,0,0,1,0,0,0,1
USFL292,0,0,0,0,0,0,0,0
USFL340,0,0,0,0,0,0,0,0
USFL219,0,0,0,1,0,0,0,1
USFL115,0,0,0,1,0,0,0,1
USFL248,1,0,0,1,0,0,0,1
USFL174,1,0,0,1,0,0,0,1
USFL202,0,0,0,1,0,0,0,1
USFL103,0,0,0,1,0,0,0,1
FL380,0,0,0,1,0,0,0,1
USFL022,0,0,1,0,1,0,0,1
FL387,0,0,0,1,0,0,0,1
FL390,0,0,0,1,0,0,0,1
USFL076,0,0,0,1,0,0,0,1
USFL074,0,0,0,1,0,0,0,1
USFL334,0,0,0,0,0,0,0,0
USFL305,0,0,0,1,0,0,0,1
USFL220,0,0,0,1,0,0,0,1
USFL137,0,0,0,1,0,0,0,1
USFL267,0,0,0,1,0,0,0,1
USFL158,0,0,0,1,0,0,0,1
USFL029,0,0,0,0,0,0,0,0
USFL075,0,0,0,1,0,0,0,1
USFL301,0,0,0,0,0,0,0,0
FL369,0,0,0,1,0,0,0,1
USFL251,0,0,0,1,0,0,0,1
USFL086,0,0,0,1,0,1,0,1
USFL306,0,0,0,0,0,0,0,0
USFL351,0,0,0,1,0,0,0,1
USFL336,0,0,0,0,0,0,0,0
FL358,0,0,0,1,0,0,0,1
USFL273,0,0,0,1,0,0,0,1
FL377,0,0,0,0,0,0,0,0
USFL266,0,0,0,1,0,0,0,1
USFL209,0,0,0,1,0,0,0,1
USFL337,0,0,0,1,0,0,0,1
USFL015,0,0,0,1,0,0,0,1
USFL350,0,0,0,1,0,0,0,1
USFL114,0,0,0,1,0,0,0,1
USFL063,0,0,0,1,0,0,0,1
USFL127,0,0,0,0,0,0,0,0
USFL188,0,0,0,0,0,0,0,0
USFL295,0,0,0,1,0,0,0,1
USFL242,0,0,0,1,0,0,0,1
USFL120,0,0,0,0,0,0,0,0
FL372,0,0,0,1,0,0,0,1
USFL065,0,0,0,0,0,0,0,0
USFL007,0,0,0,0,0,0,0,0
USFL261,0,0,0,0,0,0,0,0
USFL166,0,0,0,1,0,0,0,1
USFL279,0,0,0,1,0,0,0,1
USFL270,0,0,0,1,0,0,0,1
USFL131,0,0,0,1,0,0,0,1
USFL008,0,0,0,1,0,0,0,1
USFL237,0,0,0,1,0,0,0,1
USFL297,0,0,0,1,0,0,0,1
FL364,0,0,0,1,0,0,0,1
USFL265,0,0,0,1,0,0,0,1
USFL100,0,0,0,1,0,0,0,1
USFL309,0,0,0,0,0,0,0,0
USFL123,0,0,0,0,0,0,0,0
USFL203,0,0,0,1,0,0,0,1
USFL146,0,0,1,0,0,0,0,1
USFL184,0,0,0,1,0,0,0,1
USFL160,0,0,0,1,0,0,0,1
USFL049,0,0,0,0,0,0,0,0
USFL031,0,0,0,0,0,0,0,0
USFL215,0,0,1,0,0,0,0,1
USFL002,0,0,0,0,0,0,0,0
USFL243,0,0,0,1,0,0,0,1
USFL150,0,0,0,1,0,0,0,1
USFL218,0,0,0,1,0,0,0,1
USFL122,0,0,0,0,0,0,0,0
USFL078,0,0,1,0,0,0,0,0
USFL053,0,0,0,0,0,0,0,0
USFL052,0,0,1,0,0,0,0,1
USFL333,0,0,0,0,0,0,0,0
USFL139,0,0,0,1,0,0,0,1
USFL016,0,0,0,1,0,0,0,1
USFL085,0,0,0,1,0,1,0,1
FL367,0,0,0,1,0,0,0,1
USFL335,0,1,1,0,0,0,0,0
USFL240,0,0,0,1,0,0,0,1
USFL024,0,0,0,1,0,0,0,1
USFL232,0,0,0,0,0,0,0,0
USFL182,0,0,0,1,0,0,0,1
USFL221,0,0,0,1,0,0,0,1
USFL061,0,0,0,1,0,0,0,1
FL376,0,0,0,0,0,0,0,0
FL392,0,0,0,1,0,0,0,1
USFL177,0,0,0,0,0,0,0,0
USFL302,0,0,0,1,0,0,0,1
USFL087,0,0,0,1,0,1,0,1
USFL274,0,0,0,1,0,0,0,1
FL368,0,0,0,1,0,0,0,1
USFL226,0,0,0,1,0,0,0,1
USFL006,0,0,0,1,0,0,0,1
USFL276,0,0,0,1,0,0,0,1
USFL253,0,0,0,0,0,0,0,0
USFL104,0,0,0,1,0,1,0,1
FL366,0,0,0,1,0,0,0,1
USFL259,0,0,0,1,0,0,0,1
USFL277,0,0,0,1,0,0,0,1
USFL148,0,0,0,0,0,0,0,0
FL378,0,0,0,0,0,0,0,0
USFL303,0,0,0,1,0,0,0,1
USFL066,0,0,0,0,0,0,0,0
FL374,0,0,0,0,0,0,0,0
USFL026,0,0,0,0,0,0,0,0
USFL142,0,0,0,1,0,0,0,1
USFL178,0,0,0,0,0,0,0,0
USFL204,0,0,1,0,0,0,0,1
USFL294,0,0,0,0,0,0,0,0
USFL201,0,0,0,1,0,0,0,1
USFL147,0,0,0,0,0,0,0,0
USFL296,0,0,0,1,0,0,0,1
USFL322,0,0,0,0,0,0,0,0
USFL235,0,0,0,0,0,0,0,0
USFL339,0,0,0,1,0,0,0,1
USFL068,0,0,0,1,0,0,0,1
FL360,0,0,0,1,0,0,0,1
USFL269,0,0,0,1,0,0,0,1
USFL321,0,0,0,1,0,0,0,1
USFL134,0,0,0,1,1,0,0,1
USFL254,0,0,0,0,0,0,0,0
USFL107,0,0,0,0,0,0,0,0
USFL152,0,0,0,1,0,0,0,1
USFL161,0,0,0,1,0,0,0,1
FL375,0,0,0,0,0,0,0,0
FL386,0,0,0,1,0,0,0,1
USFL089,0,0,0,1,0,0,0,1
FL393,0,0,0,1,0,0,0,1
USFL035,0,0,0,1,0,0,0,1
USFL283,0,0,0,0,0,0,0,0
FL388,0,0,0,1,0,0,0,1
USFL346,0,0,0,0,0,0,0,0
USFL252,0,0,0,1,0,0,0,1
USFL250,0,0,0,1,0,0,0,1
USFL181,0,0,0,1,0,0,0,1
USFL332,0,0,0,0,0,0,0,0
USFL192,0,0,0,1,0,0,0,1
USFL228,0,0,0,1,1,0,0,1
USFL094,0,0,0,1,0,0,0,1
USFL323,0,0,0,1,0,0,0,1
USFL108,0,0,0,1,0,0,0,1
USFL028,0,0,0,1,0,0,0,1
USFL070,0,0,0,1,0,0,0,1
USFL216,0,0,0,0,0,0,0,0
USFL093,0,0,0,1,0,0,0,1
USFL249,1,0,0,1,0,0,0,1
USFL304,0,0,0,1,0,0,0,1
USFL077,0,0,0,1,0,0,0,1
USFL151,0,0,0,0,0,0,0,0
USFL194,0,0,0,1,0,0,0,1
USFL198,0,0,0,1,0,0,0,1
FL384,0,0,0,1,0,0,0,1
USFL156,0,0,0,1,0,0,0,1
USFL145,0,0,0,0,0,0,0,0
USFL328,0,0,0,0,0,0,0,0
USFL072,0,0,1,0,0,0,0,1
USFL136,0,0,0,1,0,0,0,1
USFL197,0,0,0,0,0,0,0,0
USFL327,0,0,0,1,0,0,0,1
USFL009,0,0,0,1,0,0,0,1
USFL325,0,0,0,0,0,0,0,0
USFL042,0,0,0,1,0,0,0,1
USFL017,0,0,0,0,0,0,0,0
USFL291,0,0,0,0,0,0,0,0
USFL255,0,0,0,1,0,0,0,1
USFL186,0,0,0,0,0,0,0,0
USFL241,0,0,0,0,0,0,0,0
USA300 FPR3757,0,0,0,1,0,0,0,1
MRSA18,0,0,0,0,0,0,0,0
P21_21,0,0,1,0,0,0,0,0
P14_14,0,0,1,0,0,0,0,1